Static File,Static Path
404.html,/404.html
AR-and-VR.html,/AR-and-VR.html
ASPNet-Core-Development.html,/ASPNet-Core-Development.html
Abbfem-Consulting.html,/Abbfem-Consulting.html
Access810c.html,/Access810c.html
Agriculture.html,/Agriculture.html
Android.html,/Android.html
Angular.html,/Angular.html
Application-Development.html,/Application-Development.html
Application-Migration-and-Modernization.html,/Application-Migration-and-Modernization.html
AspNet-Core-Development-2.html,/AspNet-Core-Development-2.html
Automotive.html,/Automotive.html
Awimax-Energy-Limited.html,/Awimax-Energy-Limited.html
Best-Place-in-City.html,/Best-Place-in-City.html
Best-Travel-Platform.html,/Best-Travel-Platform.html
BigData-HBaseL-Development.html,/BigData-HBaseL-Development.html
BigData.html,/BigData.html
BlockChain.html,/BlockChain.html
Blog-2.html,/Blog-2.html
Brochure.html,/Brochure.html
Business-Delivery-Models.html,/Business-Delivery-Models.html
Business-Technology-Consulting.html,/Business-Technology-Consulting.html
C-Sharp-Development.html,/C-Sharp-Development.html
C-Sharp.html,/C-Sharp.html
C-Sharpt.html,/C-Sharpt.html
CLoud-Integration.html,/CLoud-Integration.html
Campus-Porch.html,/Campus-Porch.html
Career-Overview.html,/Career-Overview.html
Case-Studies.html,/Case-Studies.html
Case-Study.html,/Case-Study.html
Certificate-Plus.html,/Certificate-Plus.html
Chabot-Development.html,/Chabot-Development.html
Cloud-DevOps.html,/Cloud-DevOps.html
Cloud-Solutions.html,/Cloud-Solutions.html
Company-Overview.html,/Company-Overview.html
Company-Profile.html,/Company-Profile.html
Contact.html,/Contact.html
Content-Development-Services.html,/Content-Development-Services.html
Core-Purpose-Mission.html,/Core-Purpose-Mission.html
Corporate-Social-Responsibility.html,/Corporate-Social-Responsibility.html
Covid-19-Policy.html,/Covid-19-Policy.html
Cross-Platform-App-Development.html,/Cross-Platform-App-Development.html
Current-Openings.html,/Current-Openings.html
DevOps-Solutions.html,/DevOps-Solutions.html
Development-Methodology.html,/Development-Methodology.html
Digital-Marketing-Agencies.html,/Digital-Marketing-Agencies.html
Digital-Marketing-Services.html,/Digital-Marketing-Services.html
Digital-Transformation.html,/Digital-Transformation.html
Digitalsiwes.html,/Digitalsiwes.html
Dot-Net-Core-Development.html,/Dot-Net-Core-Development.html
DotNetNuke-DNN-2.html,/DotNetNuke-DNN-2.html
Dotnetnuke-DNN.html,/Dotnetnuke-DNN.html
Education-and-ELearning-2.html,/Education-and-ELearning-2.html
Education-and-eLearning.html,/Education-and-eLearning.html
Ekklesia-Solutions-Project-Details.html,/Ekklesia-Solutions-Project-Details.html
Enterprise-Content-Management.html,/Enterprise-Content-Management.html
Enterprise-Mobility.html,/Enterprise-Mobility.html
Enterprise-System-Integration.html,/Enterprise-System-Integration.html
Events-and-News.html,/Events-and-News.html
FAQs.html,/FAQs.html
Financial-Technology.html,/Financial-Technology.html
Full-Circle-Software-Product-Development.html,/Full-Circle-Software-Product-Development.html
GDPR-Compliance.html,/GDPR-Compliance.html
Hadoop.html,/Hadoop.html
HealthCare.html,/HealthCare.html
Healthcare-2.html,/Healthcare-2.html
Hospital-Management-Solution.html,/Hospital-Management-Solution.html
How-We-Do-It/Backend/NET-Development.html,/How-We-Do-It/Backend/NET-Development.html
How-We-Do-It/Backend/Node.html,/How-We-Do-It/Backend/Node.html
How-We-Do-It/Backend/NodeJS.html,/How-We-Do-It/Backend/NodeJS.html
How-We-Do-It/Backend/Python.html,/How-We-Do-It/Backend/Python.html
How-We-Do-It/Big-Data-Data-Analytics/PowerBI.html,/How-We-Do-It/Big-Data-Data-Analytics/PowerBI.html
How-We-Do-It/BlockChain-ML-AI/ChatBot.html,/How-We-Do-It/BlockChain-ML-AI/ChatBot.html
How-We-Do-It/BlockChain-ML-AI/Hyperledger.html,/How-We-Do-It/BlockChain-ML-AI/Hyperledger.html
How-We-Do-It/BlockChainMLAI/MachineLearning.html,/How-We-Do-It/BlockChainMLAI/MachineLearning.html
How-We-Do-It/JS-Frontend/MERN-2.html,/How-We-Do-It/JS-Frontend/MERN-2.html
How-We-Do-It/JS-Frontend/Mern.html,/How-We-Do-It/JS-Frontend/Mern.html
How-We-Do-It/JS-Frontend/ReactJS.html,/How-We-Do-It/JS-Frontend/ReactJS.html
How-We-Do-It/JS-Frontend/VueJs.html,/How-We-Do-It/JS-Frontend/VueJs.html
How-We-Do-It/Mobile/AR.html,/How-We-Do-It/Mobile/AR.html
How-We-Do-It/Mobile/Flutter.html,/How-We-Do-It/Mobile/Flutter.html
How-We-Do-It/Mobile/Ionic.html,/How-We-Do-It/Mobile/Ionic.html
How-We-Do-It/Mobile/Kotlin.html,/How-We-Do-It/Mobile/Kotlin.html
How-We-Do-It/RDBM-and-NoSQL.html,/How-We-Do-It/RDBM-and-NoSQL.html
How-We-Do-It.html,/How-We-Do-It.html
ISVs-and-Product-Companies.html,/ISVs-and-Product-Companies.html
IT-Metrics-and-Dashboard.html,/IT-Metrics-and-Dashboard.html
IT-Staff-Augmentation.html,/IT-Staff-Augmentation.html
IT-Strategy-Consulting.html,/IT-Strategy-Consulting.html
Industries-We-Serve/Travel-and-Hospitality.html,/Industries-We-Serve/Travel-and-Hospitality.html
Industries-We-Serve.html,/Industries-We-Serve.html
Internet-Of-Things.html,/Internet-Of-Things.html
IoT-Development.html,/IoT-Development.html
Iphone-App-Development-2.html,/Iphone-App-Development-2.html
Java-Development.html,/Java-Development.html
Java.html,/Java.html
Legal-Disclaimer.html,/Legal-Disclaimer.html
Link-Building-Service.html,/Link-Building-Service.html
Logistics.html,/Logistics.html
Lucky-Sargin.html,/Lucky-Sargin.html
MEAN.html,/MEAN.html
MVVM-Framework.html,/MVVM-Framework.html
Machine-Learning.html,/Machine-Learning.html
Managed-Services.html,/Managed-Services.html
Manuella-Onigbanjo.html,/Manuella-Onigbanjo.html
Media-and-Entertainment.html,/Media-and-Entertainment.html
Microsoft-Technologies.html,/Microsoft-Technologies.html
MicrosoftAjaxNetwork.html,/MicrosoftAjaxNetwork.html
MicrosoftAjaxSerialization.html,/MicrosoftAjaxSerialization.html
MicrosoftAjaxWebForms.html,/MicrosoftAjaxWebForms.html
Ml-Ai-Development.html,/Ml-Ai-Development.html
Mobile-App-Development.html,/Mobile-App-Development.html
NET-MVC-Development.html,/NET-MVC-Development.html
NopCommerce.html,/NopCommerce.html
OneOnOne-Planner.html,/OneOnOne-Planner.html
Online-Food-Ordering.html,/Online-Food-Ordering.html
Online-Renting-Solution.html,/Online-Renting-Solution.html
Online-Reputation-Management.html,/Online-Reputation-Management.html
Online-Tutoring-Web-App.html,/Online-Tutoring-Web-App.html
Our-Approach.html,/Our-Approach.html
Our-Culture.html,/Our-Culture.html
Our-Infrastructure.html,/Our-Infrastructure.html
Our-Team.html,/Our-Team.html
Our-Values.html,/Our-Values.html
Pay-Per-Click.html,/Pay-Per-Click.html
Policy-Terms.html,/Policy-Terms.html
Pricing-Models.html,/Pricing-Models.html
Processes.html,/Processes.html
Product-Engineering.html,/Product-Engineering.html
Product-Maintenance-Support.html,/Product-Maintenance-Support.html
Quality-Assurance-Testing.html,/Quality-Assurance-Testing.html
React-Native.html,/React-Native.html
Real-Estate.html,/Real-Estate.html
Reporting-Tool-Web-APP.html,/Reporting-Tool-Web-APP.html
Retail-and-Ecommerce-2.html,/Retail-and-Ecommerce-2.html
Retail-and-eCommerce.html,/Retail-and-eCommerce.html
Samuel-Akinleye.html,/Samuel-Akinleye.html
Search-Artisans.html,/Search-Artisans.html
Search-Engine-Optimization.html,/Search-Engine-Optimization.html
Segun-Samuel.html,/Segun-Samuel.html
SharePoint.html,/SharePoint.html
Silverlight-Solutions.html,/Silverlight-Solutions.html
Smart-Contract.html,/Smart-Contract.html
Social-Media-Marketing.html,/Social-Media-Marketing.html
Software-Application-Maintenance.html,/Software-Application-Maintenance.html
Software-Dedicated-Teams.html,/Software-Dedicated-Teams.html
Software-Product-Prototyping.html,/Software-Product-Prototyping.html
Solomon-Kugbe.html,/Solomon-Kugbe.html
Tensorflow.html,/Tensorflow.html
Toplead-Database-Consulting-Services.html,/Toplead-Database-Consulting-Services.html
ToyBettyFood-Catering-Services.html,/ToyBettyFood-Catering-Services.html
Umbraco.html,/Umbraco.html
Vehicle-Tracking-System.html,/Vehicle-Tracking-System.html
Videos-Articles.html,/Videos-Articles.html
WAEC-Electronic-Certificate-Management-System.html,/WAEC-Electronic-Certificate-Management-System.html
WPF-Application-Development.html,/WPF-Application-Development.html
Watch-Scanning-Application.html,/Watch-Scanning-Application.html
Wearables.html,/Wearables.html
Web-Application-Development.html,/Web-Application-Development.html
Webinars.html,/Webinars.html
What-We-Do/Application-Development.html,/What-We-Do/Application-Development.html
What-We-Do/Enterprise-Services/Microsoft-Technologies/WCF-Application-Development.html,/What-We-Do/Enterprise-Services/Microsoft-Technologies/WCF-Application-Development.html
What-We-Do/Enterprise-Services/iBeacon-App-Development.html,/What-We-Do/Enterprise-Services/iBeacon-App-Development.html
What-We-Do/Enterprise-Services.html,/What-We-Do/Enterprise-Services.html
What-We-Do/Expertise-Services/Cloud-DevOps.html,/What-We-Do/Expertise-Services/Cloud-DevOps.html
What-We-Do/Expertise-Services.html,/What-We-Do/Expertise-Services.html
What-We-Do.html,/What-We-Do.html
What-we-do-2.html,/What-we-do-2.html
Where-We-Are.html,/Where-We-Are.html
Who-We-Are/Become-a-Partner/Affiliate-partnership.html,/Who-We-Are/Become-a-Partner/Affiliate-partnership.html
Who-We-Are/Become-a-Partner/Referral-Partnership.html,/Who-We-Are/Become-a-Partner/Referral-Partnership.html
Who-We-Are/Become-a-Partner/Strategic-Partnership.html,/Who-We-Are/Become-a-Partner/Strategic-Partnership.html
Who-We-Are/Become-a-Partner.html,/Who-We-Are/Become-a-Partner.html
Who-We-Are/Insights/Client-Testimonial.html,/Who-We-Are/Insights/Client-Testimonial.html
Who-We-Are/Insights/Media-Coverage.html,/Who-We-Are/Insights/Media-Coverage.html
Who-We-Are/Insights/White-Papers.html,/Who-We-Are/Insights/White-Papers.html
Who-We-Are/Insights.html,/Who-We-Are/Insights.html
Why-GreaterHeight.html,/Why-GreaterHeight.html
Why-Greaterheight-2.html,/Why-Greaterheight-2.html
Why-Nigeriad41d.html,/Why-Nigeriad41d.html
Windows-Azure-Solutions.html,/Windows-Azure-Solutions.html
Xamarin-Development.html,/Xamarin-Development.html
Xamarin.html,/Xamarin.html
YISHOG.html,/YISHOG.html
agriculture-2.html,/agriculture-2.html
blog/month/9/year/2021.html,/blog/month/9/year/2021.html
blog/post/introducing-digitalsiwes.html,/blog/post/introducing-digitalsiwes.html
blog.html,/blog.html
eVisApp.html,/eVisApp.html
faqs-2.html,/faqs-2.html
financial-technology-2.html,/financial-technology-2.html
focus.html,/focus.html
iPhone-App-Development.html,/iPhone-App-Development.html
index.html,/index.html
logistics-2.html,/logistics-2.html
media-and-entertainment-2.html,/media-and-entertainment-2.html
real-estate-2.html,/real-estate-2.html
retail-and-ecommerce-3.html,/retail-and-ecommerce-3.html
